{"_wandb": {"runtime": 372}, "episode": 0, "reward": 0.0, "average_loss": 0.1529601742671329, "avg_q_value": 0.45029130578041077, "steps": 300, "_timestamp": 1722315710.7629354, "_runtime": 370.2237684726715, "_step": 0}