{"episode": 2, "reward": 0, "average_loss": 0.0012518747168669506, "average_value": -0.1604704111814499, "steps": 1000, "_timestamp": 1727250399.7243836, "_runtime": 40.93678665161133, "_step": 2, "_wandb": {"runtime": 48}}