{"episode": 82, "reward": 0, "average_loss": 3.861076555724252e-05, "average_value": -0.10082153230905533, "steps": 1000, "_timestamp": 1727251505.2189436, "_runtime": 1030.5545806884766, "_step": 82, "_wandb": {"runtime": 1036}}