{"episode": 1, "reward": 0.0, "average_loss": 0.048503257343545554, "avg_q_value": 0.7358085513114929, "steps": 300, "_timestamp": 1722315174.1840081, "_runtime": 84.76047205924988, "_step": 1, "_wandb": {"runtime": 83}}